ProductID,Date,Zip,Units,Revenue
833,2000-01-15,76108,1,797.947500
837,2000-01-15,33436,1,813.697500
837,2000-01-15,76531,1,813.697500
838,2000-01-15,29526,1,934.447500
838,2000-01-15,33584,1,944.947500
838,2000-01-15,33947,1,944.947500
838,2000-01-15,74132,1,929.197500
838,2000-01-15,75080,1,944.947500
838,2000-01-15,85225,1,934.447500
838,2000-01-15,92647,1,929.197500
838,2000-01-15,92833,1,934.447500
843,2000-01-15,91730,1,551.197500
847,2000-01-15,17701,1,603.697500
847,2000-01-15,71446,1,577.447500
847,2000-01-15,99205,1,603.697500
852,2000-01-15,36054,1,745.447500
852,2000-01-15,85234,1,771.697500
853,2000-01-15,78413,1,456.697500
862,2000-01-15,85224,1,209.947500
863,2000-01-15,93117,1,304.447500
901,2000-01-15,24153,1,409.447500
901,2000-01-15,28391,1,409.447500
901,2000-01-15,48603,1,409.447500
901,2000-01-15,48744,1,409.447500
901,2000-01-15,57706,1,409.447500
901,2000-01-15,63127,1,409.447500
901,2000-01-15,80601,1,409.447500
921,2000-01-15,23602,1,524.947500
921,2000-01-15,33146,1,524.947500
921,2000-01-15,72702,1,524.947500
921,2000-01-15,75050,1,524.947500
921,2000-01-15,80126,1,524.947500
921,2000-01-15,94560,1,524.947500
922,2000-01-15,17347,1,472.447500
922,2000-01-15,85044,1,472.447500
922,2000-01-15,91360,1,472.447500
922,2000-01-15,94115,1,472.447500
932,2000-01-15,91792,1,430.447500
936,2000-01-15,07208,2,997.395000
936,2000-01-15,11725,1,498.697500
936,2000-01-15,23225,1,498.697500
936,2000-01-15,27612,1,498.697500
936,2000-01-15,28031,1,498.697500
936,2000-01-15,34994,1,498.697500
936,2000-01-15,68516,1,498.697500
936,2000-01-15,80241,1,498.697500
936,2000-01-15,92118,1,498.697500
940,2000-01-15,27292,1,671.947500
962,2000-01-15,28227,1,524.947500
962,2000-01-15,46307,1,524.947500
962,2000-01-15,70056,1,509.197500
962,2000-01-15,77042,1,509.197500
962,2000-01-15,79924,1,524.947500
964,2000-01-15,10032,1,356.947500
964,2000-01-15,10462,1,356.947500
964,2000-01-15,32224,1,346.447500
964,2000-01-15,33901,1,356.947500
964,2000-01-15,34476,1,356.947500
964,2000-01-15,36567,1,356.947500
964,2000-01-15,75093,1,346.447500
964,2000-01-15,78704,1,346.447500
964,2000-01-15,79512,1,356.947500
964,2000-01-15,94947,1,356.947500
964,2000-01-15,97489,1,356.947500
979,2000-01-15,33068,1,409.447500
979,2000-01-15,80525,1,393.697500
979,2000-01-15,92107,1,409.447500
979,2000-01-15,97123,1,393.697500
981,2000-01-15,25427,1,209.947500
981,2000-01-15,36106,1,167.947500
981,2000-01-15,36374,1,157.447500
981,2000-01-15,37048,1,157.447500
981,2000-01-15,37216,1,167.947500
981,2000-01-15,37921,1,167.947500
981,2000-01-15,75236,1,167.947500
981,2000-01-15,77083,1,157.447500
981,2000-01-15,83661,1,167.947500
981,2000-01-15,88230,1,167.947500
981,2000-01-15,90802,1,157.447500
981,2000-01-15,98502,1,157.447500
988,2000-01-15,80020,1,414.697500
989,2000-01-15,08610,1,467.197500
989,2000-01-15,32124,1,451.447500
989,2000-01-15,41749,1,451.447500
989,2000-01-15,70764,1,451.447500
989,2000-01-15,73036,1,451.447500
989,2000-01-15,78382,1,451.447500
989,2000-01-15,80013,1,467.197500
990,2000-01-15,41230,1,530.197500
990,2000-01-15,53209,1,482.947500
990,2000-01-15,62035,1,503.947500
990,2000-01-15,85224,1,530.197500
992,2000-01-15,27921,1,278.197500
992,2000-01-15,28209,1,278.197500
992,2000-01-15,29715,1,288.697500
992,2000-01-15,32137,1,278.197500
992,2000-01-15,60103,1,288.697500
992,2000-01-15,76542,1,288.697500
992,2000-01-15,77050,1,278.197500
992,2000-01-15,77396,1,278.197500
992,2000-01-15,77450,1,278.197500
992,2000-01-15,77521,1,278.197500
992,2000-01-15,85207,1,314.947500
992,2000-01-15,89107,1,309.697500
992,2000-01-15,95035,1,278.197500
1003,2000-01-15,38329,1,86.572500
1003,2000-01-15,46755,1,86.572500
1003,2000-01-15,72202,1,86.572500
1003,2000-01-15,72401,2,173.145000
1005,2000-01-15,28173,1,107.572500
1005,2000-01-15,29150,1,107.572500
1005,2000-01-15,34669,1,107.572500
1005,2000-01-15,38663,1,107.572500
1005,2000-01-15,45011,1,107.572500
1005,2000-01-15,45177,2,215.145000
1005,2000-01-15,48075,1,107.572500
1005,2000-01-15,70506,1,107.572500
1005,2000-01-15,77573,1,107.572500
1005,2000-01-15,78751,1,107.572500
1005,2000-01-15,97206,1,107.572500
1008,2000-01-15,30620,1,236.197500
1008,2000-01-15,33868,1,236.197500
1008,2000-01-15,34996,1,236.197500
1008,2000-01-15,85268,1,236.197500
1008,2000-01-15,87185,1,236.197500
1008,2000-01-15,87571,1,236.197500
1014,2000-01-15,27863,1,86.572500
1014,2000-01-15,53032,1,86.572500
1045,2000-01-15,37748,1,207.322500
1045,2000-01-15,83704,1,207.322500
1045,2000-01-15,93405,1,207.322500
1046,2000-01-15,17921,1,99.697500
1046,2000-01-15,20706,1,99.697500
1046,2000-01-15,36532,1,99.697500
1046,2000-01-15,55927,1,99.697500
1046,2000-01-15,70560,1,99.697500
1046,2000-01-15,75060,2,199.395000
1046,2000-01-15,77040,1,99.697500
1053,2000-01-15,52601,1,251.947500
1053,2000-01-15,60544,1,251.947500
1063,2000-01-15,95531,1,233.572500
1064,2000-01-15,07726,1,246.697500
1064,2000-01-15,92028,1,233.572500
1065,2000-01-15,06804,1,296.572500
1065,2000-01-15,08901,1,296.572500
1065,2000-01-15,10925,1,296.572500
1065,2000-01-15,17520,1,296.572500
1065,2000-01-15,22601,1,296.572500
1065,2000-01-15,24101,1,296.572500
1065,2000-01-15,27906,1,296.572500
1065,2000-01-15,28056,1,296.572500
1065,2000-01-15,30907,1,296.572500
1065,2000-01-15,31701,1,296.572500
1065,2000-01-15,32701,1,296.572500
1065,2000-01-15,33166,1,296.572500
1065,2000-01-15,35758,1,296.572500
1065,2000-01-15,35967,1,296.572500
1065,2000-01-15,41051,2,593.145000
1065,2000-01-15,44483,1,296.572500
1065,2000-01-15,45140,1,296.572500
1065,2000-01-15,45406,1,296.572500
1065,2000-01-15,46516,1,296.572500
1065,2000-01-15,48039,1,296.572500
1065,2000-01-15,54304,1,296.572500
1065,2000-01-15,60457,1,296.572500
1065,2000-01-15,64081,1,296.572500
1065,2000-01-15,64119,1,296.572500
1065,2000-01-15,73071,1,296.572500
1065,2000-01-15,75240,1,296.572500
1065,2000-01-15,77056,1,296.572500
1065,2000-01-15,79703,1,296.572500
1065,2000-01-15,80631,1,296.572500
1065,2000-01-15,81623,2,593.145000
1065,2000-01-15,83647,1,296.572500
1065,2000-01-15,84062,1,296.572500
1065,2000-01-15,85262,1,296.572500
1065,2000-01-15,89029,1,296.572500
1065,2000-01-15,89450,1,296.572500
1065,2000-01-15,90274,1,296.572500
1065,2000-01-15,92345,1,296.572500
1065,2000-01-15,92886,1,296.572500
1065,2000-01-15,93268,1,296.572500
1065,2000-01-15,95426,1,296.572500
1065,2000-01-15,97045,2,593.145000
1065,2000-01-15,97502,1,296.572500
1066,2000-01-15,01054,1,296.572500
1066,2000-01-15,07444,1,296.572500
1066,2000-01-15,14756,1,296.572500
1066,2000-01-15,15601,1,296.572500
1066,2000-01-15,19355,1,296.572500
1066,2000-01-15,20707,1,296.572500
1066,2000-01-15,21207,1,296.572500
1066,2000-01-15,24112,1,296.572500
1066,2000-01-15,28164,1,296.572500
1066,2000-01-15,30553,1,296.572500
1066,2000-01-15,33470,1,296.572500
1066,2000-01-15,34683,1,296.572500
1066,2000-01-15,35242,1,296.572500
1066,2000-01-15,36701,1,296.572500
1066,2000-01-15,43777,1,296.572500
1066,2000-01-15,45011,1,296.572500
1066,2000-01-15,45648,1,296.572500
1066,2000-01-15,50051,1,296.572500
1066,2000-01-15,50238,1,296.572500
1066,2000-01-15,52003,1,296.572500
1066,2000-01-15,54552,1,296.572500
1066,2000-01-15,54724,1,296.572500
1066,2000-01-15,55920,1,296.572500
1066,2000-01-15,70433,1,296.572500
1066,2000-01-15,72758,1,296.572500
1066,2000-01-15,73034,1,296.572500
1066,2000-01-15,73142,1,296.572500
1066,2000-01-15,74105,1,296.572500
1066,2000-01-15,80138,1,296.572500
1066,2000-01-15,80301,1,296.572500
1066,2000-01-15,80759,1,296.572500
1066,2000-01-15,80929,1,296.572500
1066,2000-01-15,82001,1,296.572500
1066,2000-01-15,82070,1,296.572500
1066,2000-01-15,82717,1,296.572500
1066,2000-01-15,84057,1,296.572500
1066,2000-01-15,84720,1,296.572500
1066,2000-01-15,85920,1,296.572500
1066,2000-01-15,89301,1,296.572500
1066,2000-01-15,89423,1,296.572500
1066,2000-01-15,91042,1,296.572500
1066,2000-01-15,92021,1,296.572500
1066,2000-01-15,92220,2,593.145000
1066,2000-01-15,92506,1,296.572500
1066,2000-01-15,92571,1,296.572500
1066,2000-01-15,97487,1,296.572500
1066,2000-01-15,98660,1,296.572500
1079,2000-01-15,20743,1,262.447500
1079,2000-01-15,43082,1,262.447500
1079,2000-01-15,83455,1,262.447500
1079,2000-01-15,85215,1,262.447500
1079,2000-01-15,85361,1,262.447500
1079,2000-01-15,92121,1,262.447500
1079,2000-01-15,93722,1,262.447500
1079,2000-01-15,96001,1,262.447500
1080,2000-01-15,08020,1,262.447500
1080,2000-01-15,32218,1,262.447500
1080,2000-01-15,80831,1,262.447500
1080,2000-01-15,85532,1,262.447500
1080,2000-01-15,91401,1,262.447500
1081,2000-01-15,39402,1,225.697500
1081,2000-01-15,95926,1,225.697500
1081,2000-01-15,98626,2,451.395000
1081,2000-01-15,98686,1,225.697500
1082,2000-01-15,20111,1,225.697500
1082,2000-01-15,28080,1,225.697500
1082,2000-01-15,33813,1,225.697500
1082,2000-01-15,34239,1,225.697500
1082,2000-01-15,39404,2,451.395000
1082,2000-01-15,44843,1,225.697500
1082,2000-01-15,89131,1,225.697500
1091,2000-01-15,59714,1,167.947500
1105,2000-01-15,20711,1,246.697500
1105,2000-01-15,33142,1,246.697500
1105,2000-01-15,35214,1,246.697500
1105,2000-01-15,48316,1,246.697500
1105,2000-01-15,48857,1,246.697500
1105,2000-01-15,62220,1,246.697500
1105,2000-01-15,85382,1,246.697500
1105,2000-01-15,89104,1,246.697500
1105,2000-01-15,93906,1,246.697500
1105,2000-01-15,94552,1,246.697500
1106,2000-01-15,27864,1,246.697500
1106,2000-01-15,30058,1,246.697500
1106,2000-01-15,39476,1,246.697500
1106,2000-01-15,45432,1,246.697500
1106,2000-01-15,47933,1,246.697500
1106,2000-01-15,73065,1,246.697500
1106,2000-01-15,73108,1,246.697500
1106,2000-01-15,75119,1,246.697500
1106,2000-01-15,90241,1,246.697500
1106,2000-01-15,91320,1,246.697500
1109,2000-01-15,33156,1,209.947500
1109,2000-01-15,39520,1,209.947500
1109,2000-01-15,74059,1,209.947500
1109,2000-01-15,91744,1,209.947500
1109,2000-01-15,92591,1,209.947500
1109,2000-01-15,98168,1,209.947500
1109,2000-01-15,99207,1,209.947500
1110,2000-01-15,17013,1,209.947500
1110,2000-01-15,27870,1,209.947500
1110,2000-01-15,28092,1,209.947500
1110,2000-01-15,80004,1,209.947500
1110,2000-01-15,80011,1,209.947500
1110,2000-01-15,97402,1,209.947500
1110,2000-01-15,98626,1,209.947500
1111,2000-01-15,16671,1,116.497500
1111,2000-01-15,42206,1,116.497500
1111,2000-01-15,60030,1,116.497500
1111,2000-01-15,60544,1,116.497500
1111,2000-01-15,83703,1,116.497500
1111,2000-01-15,84095,1,116.497500
1111,2000-01-15,85222,1,116.497500
1111,2000-01-15,85742,1,116.497500
1111,2000-01-15,87110,1,116.497500
1111,2000-01-15,89031,1,116.497500
1111,2000-01-15,91745,2,232.995000
1111,2000-01-15,91901,1,116.497500
1111,2000-01-15,92316,1,116.497500
1111,2000-01-15,93212,1,116.497500
1111,2000-01-15,93501,1,116.497500
1111,2000-01-15,95045,1,116.497500
1111,2000-01-15,99040,1,116.497500
1112,2000-01-15,28461,1,116.497500
1112,2000-01-15,30179,1,116.497500
1112,2000-01-15,31061,1,116.497500
1112,2000-01-15,32765,1,116.497500
1112,2000-01-15,45881,1,116.497500
1112,2000-01-15,46947,2,232.995000
1112,2000-01-15,49028,1,116.497500
1112,2000-01-15,52722,1,116.497500
1112,2000-01-15,60102,1,116.497500
1112,2000-01-15,63383,1,116.497500
1112,2000-01-15,88201,1,116.497500
1112,2000-01-15,90047,1,116.497500
1112,2000-01-15,92311,1,116.497500
1112,2000-01-15,92591,1,116.497500
1112,2000-01-15,93505,1,116.497500
1116,2000-01-15,02532,1,251.947500
1116,2000-01-15,02852,1,251.947500
1116,2000-01-15,13052,1,251.947500
1116,2000-01-15,28117,1,251.947500
1116,2000-01-15,29341,1,251.947500
1116,2000-01-15,33060,1,251.947500
1116,2000-01-15,33155,2,503.895000
1116,2000-01-15,33991,1,251.947500
1116,2000-01-15,65616,1,251.947500
1116,2000-01-15,75181,1,251.947500
1116,2000-01-15,75230,1,251.947500
1116,2000-01-15,89702,1,251.947500
1116,2000-01-15,90808,2,503.895000
1116,2000-01-15,93446,1,251.947500
1116,2000-01-15,93535,1,251.947500
1116,2000-01-15,95746,1,251.947500
1120,2000-01-15,27562,1,173.197500
1120,2000-01-15,32119,1,173.197500
1120,2000-01-15,43224,1,173.197500
1120,2000-01-15,73150,1,173.197500
1120,2000-01-15,87747,1,173.197500
1120,2000-01-15,92587,1,173.197500
1122,2000-01-15,25526,1,147.997500
1122,2000-01-15,30161,1,157.447500
1122,2000-01-15,34480,1,157.447500
1122,2000-01-15,44021,1,157.447500
1122,2000-01-15,61938,1,157.447500
1122,2000-01-15,67203,1,157.447500
1122,2000-01-15,80210,1,157.447500
1122,2000-01-15,84741,1,157.447500
1122,2000-01-15,87505,1,157.447500
1122,2000-01-15,90650,1,157.447500
1122,2000-01-15,90670,1,157.447500
1122,2000-01-15,92586,1,157.447500
1131,2000-01-15,39056,1,419.947500
1132,2000-01-15,19148,1,629.947500
1132,2000-01-15,33513,1,629.947500
1132,2000-01-15,80110,1,629.947500
1132,2000-01-15,92007,1,629.947500
1132,2000-01-15,97470,1,629.947500
1133,2000-01-15,70592,1,629.947500
1133,2000-01-15,92020,1,629.947500
1133,2000-01-15,92071,1,629.947500
1150,2000-01-15,92220,1,392.700000
1157,2000-01-15,11703,1,377.947500
1157,2000-01-15,16344,1,377.947500
1157,2000-01-15,31765,1,377.947500
1157,2000-01-15,33023,1,377.947500
1157,2000-01-15,34209,1,377.947500
1157,2000-01-15,36010,1,377.947500
1157,2000-01-15,41183,1,377.947500
1157,2000-01-15,52761,1,377.947500
1157,2000-01-15,70427,1,377.947500
1157,2000-01-15,76011,1,377.947500
1157,2000-01-15,77627,1,377.947500
1157,2000-01-15,87124,1,377.947500
1157,2000-01-15,98055,1,377.947500
1166,2000-01-15,19140,1,535.447500
1166,2000-01-15,70726,1,535.447500
1166,2000-01-15,73521,1,535.447500
1168,2000-01-15,30045,1,367.447500
1168,2000-01-15,32810,1,367.447500
1168,2000-01-15,33126,1,367.447500
1168,2000-01-15,46012,1,367.447500
1168,2000-01-15,70058,1,367.447500
1168,2000-01-15,95602,1,393.697500
1173,2000-01-15,19047,1,524.947500
1173,2000-01-15,21122,1,524.947500
1173,2000-01-15,24019,1,524.947500
1173,2000-01-15,28806,1,524.947500
1173,2000-01-15,29420,1,524.947500
1173,2000-01-15,32209,1,524.947500
1173,2000-01-15,33056,1,524.947500
1173,2000-01-15,36751,1,524.947500
1173,2000-01-15,37128,1,524.947500
1173,2000-01-15,38703,1,524.947500
1173,2000-01-15,42103,1,524.947500
1173,2000-01-15,58763,1,524.947500
1173,2000-01-15,70810,1,524.947500
1173,2000-01-15,88201,1,524.947500
1173,2000-01-15,91320,1,524.947500
1173,2000-01-15,96055,1,524.947500
1182,2000-01-15,10573,1,157.447500
1182,2000-01-15,33140,1,157.447500
1182,2000-01-15,35022,1,157.447500
1182,2000-01-15,36072,1,157.447500
1182,2000-01-15,37167,1,157.447500
1182,2000-01-15,40206,1,157.447500
1182,2000-01-15,42749,1,157.447500
1182,2000-01-15,85022,1,157.447500
1182,2000-01-15,92040,1,157.447500
1182,2000-01-15,93933,1,157.447500
1185,2000-01-15,14072,1,419.947500
1185,2000-01-15,30318,1,419.947500
1185,2000-01-15,33165,1,419.947500
1185,2000-01-15,33549,1,419.947500
1185,2000-01-15,71105,1,419.947500
1185,2000-01-15,72120,1,419.947500
1185,2000-01-15,73503,1,419.947500
1185,2000-01-15,77033,1,419.947500
1185,2000-01-15,92040,1,419.947500
1185,2000-01-15,92672,1,419.947500
1188,2000-01-15,27021,1,472.447500
1188,2000-01-15,31313,1,472.447500
1188,2000-01-15,48224,1,472.447500
1191,2000-01-15,30606,1,257.197500
1191,2000-01-15,32837,1,262.447500
1191,2000-01-15,70037,1,262.447500
1191,2000-01-15,90265,1,262.447500
1191,2000-01-15,93063,1,262.447500
1191,2000-01-15,97401,1,262.447500
1203,2000-01-15,15237,1,314.947500
1203,2000-01-15,78242,1,314.947500
1203,2000-01-15,78250,1,314.947500
1204,2000-01-15,76801,1,456.697500
1205,2000-01-15,57039,1,367.447500
1215,2000-01-15,22043,1,356.947500
1215,2000-01-15,28642,1,362.197500
1215,2000-01-15,33023,1,356.947500
1215,2000-01-15,33062,1,356.947500
1215,2000-01-15,33133,1,356.947500
1215,2000-01-15,46545,1,356.947500
1215,2000-01-15,70461,1,356.947500
1215,2000-01-15,77018,1,356.947500
1215,2000-01-15,84790,1,356.947500
1215,2000-01-15,85373,1,356.947500
1215,2000-01-15,87305,1,356.947500
1225,2000-01-15,31636,1,236.197500
1225,2000-01-15,33013,2,472.395000
1225,2000-01-15,75604,1,236.197500
1227,2000-01-15,37327,1,314.947500
1227,2000-01-15,76180,1,314.947500
1227,2000-01-15,85019,1,314.947500
1227,2000-01-15,92544,1,314.947500
1229,2000-01-15,29579,1,236.197500
1229,2000-01-15,91732,1,251.947500
1230,2000-01-15,28786,1,524.947500
1230,2000-01-15,35603,1,524.947500
1230,2000-01-15,93010,1,519.697500
1238,2000-01-15,92504,1,333.270000
1298,2000-01-15,92646,1,346.395000
1310,2000-01-15,39759,1,270.270000
1310,2000-01-15,98031,1,270.270000
1317,2000-01-15,74017,1,307.020000
1318,2000-01-15,49426,1,307.020000
1329,2000-01-15,33166,1,92.820000
1329,2000-01-15,43942,1,92.820000
1329,2000-01-15,44044,1,92.820000
1329,2000-01-15,44266,1,92.820000
1329,2000-01-15,44483,1,92.820000
1329,2000-01-15,47112,1,92.820000
1329,2000-01-15,50120,1,92.820000
1329,2000-01-15,60146,1,92.820000
1329,2000-01-15,63389,1,92.820000
1329,2000-01-15,63624,1,92.820000
1329,2000-01-15,77013,1,92.820000
1329,2000-01-15,77867,1,92.820000
1329,2000-01-15,91901,1,91.770000
1329,2000-01-15,98942,1,92.820000
1329,2000-01-15,99202,1,92.820000
1330,2000-01-15,02382,1,92.820000
1330,2000-01-15,18610,1,92.820000
1330,2000-01-15,27105,1,92.820000
1330,2000-01-15,45013,1,92.820000
1330,2000-01-15,64014,1,92.820000
1330,2000-01-15,78660,1,92.820000
1330,2000-01-15,84117,1,92.820000
1330,2000-01-15,92025,1,92.820000
1345,2000-01-15,45714,1,304.395000
1345,2000-01-15,76137,1,304.395000
1346,2000-01-15,83651,1,304.395000
1346,2000-01-15,89119,1,304.395000
1346,2000-01-15,92808,1,304.395000
1346,2000-01-15,98133,1,296.520000
1347,2000-01-15,68526,1,299.145000
1348,2000-01-15,44319,1,299.145000
1348,2000-01-15,47041,1,299.145000
1351,2000-01-15,75050,1,309.645000
1352,2000-01-15,19456,1,309.645000
1352,2000-01-15,71913,1,309.645000
1352,2000-01-15,78155,1,309.645000
1352,2000-01-15,95129,1,309.645000
1352,2000-01-15,97741,1,309.645000
1379,2000-01-15,08302,1,314.895000
1379,2000-01-15,93536,1,314.895000
1425,2000-01-15,33166,1,286.020000
1425,2000-01-15,72947,1,286.020000
1425,2000-01-15,93555,1,286.020000
1425,2000-01-15,96150,1,286.020000
1426,2000-01-15,06611,1,286.020000
1426,2000-01-15,80128,1,286.020000
1426,2000-01-15,95608,1,286.020000
1430,2000-01-15,16316,1,283.395000
1430,2000-01-15,17315,1,283.395000
1430,2000-01-15,28269,1,283.395000
1430,2000-01-15,79424,1,283.395000
1430,2000-01-15,85260,1,283.395000
1435,2000-01-15,06854,1,312.270000
1435,2000-01-15,31763,1,312.270000
1435,2000-01-15,37876,1,312.270000
1435,2000-01-15,44709,1,312.270000
1435,2000-01-15,73089,1,312.270000
1435,2000-01-15,79331,1,312.270000
1435,2000-01-15,90290,1,312.270000
1435,2000-01-15,93257,1,312.270000
1435,2000-01-15,93420,1,312.270000
1436,2000-01-15,15946,1,312.270000
1436,2000-01-15,61265,1,312.270000
1436,2000-01-15,74033,1,312.270000
1436,2000-01-15,76247,1,312.270000
1436,2000-01-15,78613,1,312.270000
1436,2000-01-15,80013,1,312.270000
1436,2000-01-15,85382,1,312.270000
1436,2000-01-15,89113,1,312.270000
1449,2000-01-15,02053,1,118.020000
1449,2000-01-15,02343,1,118.020000
1449,2000-01-15,65020,1,118.020000
1449,2000-01-15,76706,1,118.020000
1449,2000-01-15,89511,1,118.020000
1449,2000-01-15,92227,1,118.020000
1449,2000-01-15,92563,1,118.020000
1450,2000-01-15,45247,1,118.020000
1450,2000-01-15,62983,1,118.020000
1450,2000-01-15,63010,1,118.020000
1450,2000-01-15,70761,1,118.020000
1450,2000-01-15,90502,1,118.020000
1450,2000-01-15,93446,1,118.020000
1450,2000-01-15,95746,1,118.020000
1478,2000-01-15,13215,1,317.520000
1483,2000-01-15,30008,1,70.770000
1484,2000-01-15,77073,1,70.770000
1489,2000-01-15,29621,1,262.395000
1489,2000-01-15,45140,1,262.395000
1490,2000-01-15,93312,1,262.395000
1490,2000-01-15,97023,1,262.395000
1490,2000-01-15,97391,1,230.895000
1490,2000-01-15,98424,1,262.395000
1517,2000-01-15,38017,1,141.645000
1517,2000-01-15,38018,1,141.645000
1517,2000-01-15,43558,1,141.645000
1517,2000-01-15,50208,1,141.645000
1517,2000-01-15,63304,1,141.645000
1517,2000-01-15,90731,1,141.645000
1517,2000-01-15,95038,1,141.645000
1518,2000-01-15,21154,1,141.645000
1518,2000-01-15,21157,1,141.645000
1518,2000-01-15,25716,1,141.645000
1518,2000-01-15,31816,1,141.645000
1518,2000-01-15,81503,1,141.645000
1518,2000-01-15,85257,1,141.645000
1554,2000-01-15,85032,1,330.645000
1641,2000-01-15,78681,1,70.770000
1641,2000-01-15,89506,2,141.540000
1641,2000-01-15,92220,1,70.770000
1641,2000-01-15,92562,1,70.770000
1641,2000-01-15,93312,1,70.770000
1641,2000-01-15,94533,1,70.770000
1894,2000-01-15,01129,1,682.237500
1894,2000-01-15,01468,1,682.237500
1894,2000-01-15,17013,1,682.237500
1894,2000-01-15,28480,1,682.237500
1894,2000-01-15,37027,1,682.237500
1894,2000-01-15,45324,1,682.237500
1894,2000-01-15,46701,1,682.237500
1894,2000-01-15,57201,2,1364.475000
1894,2000-01-15,87301,1,682.237500
1894,2000-01-15,89117,1,682.237500
1894,2000-01-15,98273,1,682.237500
1909,2000-01-15,12729,1,199.447500
1909,2000-01-15,72903,1,199.447500
1909,2000-01-15,87108,1,199.447500
1909,2000-01-15,92677,1,199.447500
1911,2000-01-15,02822,1,244.072500
1911,2000-01-15,30075,1,241.447500
1911,2000-01-15,31905,1,244.072500
1911,2000-01-15,77035,1,244.072500
1911,2000-01-15,79316,1,244.072500
1911,2000-01-15,98383,1,244.072500
1920,2000-01-15,16146,1,280.822500
1920,2000-01-15,23958,1,272.947500
1920,2000-01-15,32208,1,280.822500
1920,2000-01-15,44624,1,280.822500
1920,2000-01-15,64034,1,278.197500
1930,2000-01-15,50125,1,283.447500
1931,2000-01-15,33549,1,286.072500
1931,2000-01-15,42103,1,283.447500
1931,2000-01-15,75028,1,283.447500
1948,2000-01-15,13036,2,593.145000
1948,2000-01-15,14580,1,296.572500
1948,2000-01-15,15063,1,296.572500
1948,2000-01-15,15349,1,296.572500
1948,2000-01-15,19707,1,296.572500
1948,2000-01-15,21113,1,296.572500
1948,2000-01-15,29316,1,296.572500
1948,2000-01-15,33540,1,296.572500
1948,2000-01-15,46254,1,296.572500
1948,2000-01-15,46808,1,296.572500
1948,2000-01-15,52722,1,296.572500
1948,2000-01-15,53072,1,296.572500
1948,2000-01-15,61704,1,296.572500
1948,2000-01-15,66202,1,296.572500
1948,2000-01-15,70816,1,296.572500
1948,2000-01-15,75904,1,296.572500
1948,2000-01-15,76501,1,296.572500
1948,2000-01-15,80015,1,296.572500
1948,2000-01-15,82601,1,296.572500
1948,2000-01-15,85236,1,296.572500
1948,2000-01-15,87415,1,296.572500
1948,2000-01-15,92821,1,296.572500
1948,2000-01-15,97045,2,593.145000
1948,2000-01-15,97814,1,296.572500
1949,2000-01-15,02770,1,296.572500
1949,2000-01-15,08753,1,296.572500
1949,2000-01-15,15370,1,296.572500
1949,2000-01-15,15717,2,593.145000
1949,2000-01-15,16830,1,296.572500
1949,2000-01-15,27018,1,296.572500
1949,2000-01-15,29819,1,296.572500
1949,2000-01-15,32780,4,1181.040000
1949,2000-01-15,34786,2,593.145000
1949,2000-01-15,37042,1,296.572500
1949,2000-01-15,38001,1,296.572500
1949,2000-01-15,43945,1,296.572500
1949,2000-01-15,44305,1,296.572500
1949,2000-01-15,45107,1,296.572500
1949,2000-01-15,45414,2,593.145000
1949,2000-01-15,46763,1,296.572500
1949,2000-01-15,47918,1,296.572500
1949,2000-01-15,49235,1,296.572500
1949,2000-01-15,50049,1,296.572500
1949,2000-01-15,52353,1,296.572500
1949,2000-01-15,53104,1,296.572500
1949,2000-01-15,73034,1,296.572500
1949,2000-01-15,74401,1,296.572500
1949,2000-01-15,74743,1,296.572500
1949,2000-01-15,75050,2,593.145000
1949,2000-01-15,76013,1,296.572500
1949,2000-01-15,77551,1,296.572500
1949,2000-01-15,82414,1,296.572500
1949,2000-01-15,85032,1,296.572500
1949,2000-01-15,92648,1,296.572500
1949,2000-01-15,92683,1,296.572500
1949,2000-01-15,93242,1,296.572500
1949,2000-01-15,95828,1,296.572500
1949,2000-01-15,97031,1,296.572500
1949,2000-01-15,98038,2,593.145000
1949,2000-01-15,98579,1,293.947500
1956,2000-01-15,62864,4,615.090000
1956,2000-01-15,75941,1,147.997500
1956,2000-01-15,84041,5,768.862500
1956,2000-01-15,89014,1,153.772500
1956,2000-01-15,92805,1,153.772500
1956,2000-01-15,93274,1,153.772500
1956,2000-01-15,95638,1,153.772500
1957,2000-01-15,08638,2,307.545000
1957,2000-01-15,22193,2,307.545000
1957,2000-01-15,24078,2,307.545000
1957,2000-01-15,28624,1,153.772500
1957,2000-01-15,28625,1,153.772500
1957,2000-01-15,29745,1,153.772500
1957,2000-01-15,48327,1,153.772500
1957,2000-01-15,75043,1,153.772500
1957,2000-01-15,90621,2,307.545000
1957,2000-01-15,93654,1,153.772500
1960,2000-01-15,21122,1,97.072500
1960,2000-01-15,21613,2,194.145000
1960,2000-01-15,23955,1,97.072500
1960,2000-01-15,30176,1,97.072500
1960,2000-01-15,30506,1,97.072500
1960,2000-01-15,32771,2,194.145000
1960,2000-01-15,48307,1,97.072500
1960,2000-01-15,48438,1,97.072500
1960,2000-01-15,48661,1,97.072500
1960,2000-01-15,71129,1,97.072500
1960,2000-01-15,85255,1,97.072500
1960,2000-01-15,95949,1,97.072500
1960,2000-01-15,98444,1,97.072500
1961,2000-01-15,06351,1,97.072500
1961,2000-01-15,11501,1,97.072500
1961,2000-01-15,21771,1,97.072500
1961,2000-01-15,30083,1,97.072500
1961,2000-01-15,35592,1,97.072500
1961,2000-01-15,63124,1,97.072500
1961,2000-01-15,72921,1,97.072500
1961,2000-01-15,77484,1,97.072500
1961,2000-01-15,95023,2,194.145000
1968,2000-01-15,86502,1,238.822500
1969,2000-01-15,29054,1,238.822500
1969,2000-01-15,46773,1,238.822500
1969,2000-01-15,57785,2,477.645000
1969,2000-01-15,71105,1,230.947500
1974,2000-01-15,15627,1,52.447500
1974,2000-01-15,16314,1,52.447500
1974,2000-01-15,17201,1,52.447500
1974,2000-01-15,18080,1,52.447500
1974,2000-01-15,22603,1,52.447500
1974,2000-01-15,28217,1,52.447500
1974,2000-01-15,29710,1,52.447500
1974,2000-01-15,30214,1,52.447500
1974,2000-01-15,32534,1,52.447500
1974,2000-01-15,48519,1,52.447500
1974,2000-01-15,75407,1,52.447500
1974,2000-01-15,92345,1,52.447500
1974,2000-01-15,95358,1,52.447500
1974,2000-01-15,95648,2,104.895000
1974,2000-01-15,97132,1,52.447500
1974,2000-01-15,97603,1,52.447500
1975,2000-01-15,06035,1,52.447500
1975,2000-01-15,12453,1,52.447500
1975,2000-01-15,15044,2,104.895000
1975,2000-01-15,17543,1,52.447500
1975,2000-01-15,20706,1,52.447500
1975,2000-01-15,23451,1,52.447500
1975,2000-01-15,28677,1,52.447500
1975,2000-01-15,32927,1,52.447500
1975,2000-01-15,36203,1,52.447500
1975,2000-01-15,44504,1,52.447500
1975,2000-01-15,45619,1,52.447500
1975,2000-01-15,47167,1,52.447500
1975,2000-01-15,64801,1,52.447500
1975,2000-01-15,70037,1,52.447500
1975,2000-01-15,78681,1,52.447500
1975,2000-01-15,92509,2,104.895000
1975,2000-01-15,93041,1,52.447500
1975,2000-01-15,95355,1,52.447500
1975,2000-01-15,95670,1,52.447500
1975,2000-01-15,98635,1,52.447500
1978,2000-01-15,45414,1,257.197500
1990,2000-01-15,21221,1,257.197500
1990,2000-01-15,21401,1,257.197500
1990,2000-01-15,30120,1,257.197500
1990,2000-01-15,30152,1,257.197500
1990,2000-01-15,33467,1,257.197500
1990,2000-01-15,40165,1,257.197500
1990,2000-01-15,42301,1,257.197500
1990,2000-01-15,44512,1,257.197500
1990,2000-01-15,45651,1,257.197500
1990,2000-01-15,50222,1,257.197500
1990,2000-01-15,52001,1,257.197500
1990,2000-01-15,53089,1,257.197500
1990,2000-01-15,55008,2,514.395000
1990,2000-01-15,57046,1,257.197500
1990,2000-01-15,60515,3,771.592500
1990,2000-01-15,73026,1,257.197500
1990,2000-01-15,80521,1,257.197500
1990,2000-01-15,85353,1,257.197500
1990,2000-01-15,91324,1,257.197500
1990,2000-01-15,92584,2,514.395000
1990,2000-01-15,92587,2,514.395000
1990,2000-01-15,95023,1,257.197500
2005,2000-01-15,93065,1,299.197500
2005,2000-01-15,94019,1,299.197500
2012,2000-01-15,18702,1,377.947500
2012,2000-01-15,91320,1,377.947500
2012,2000-01-15,91362,1,377.947500
2012,2000-01-15,94590,2,755.895000
2016,2000-01-15,75041,1,299.197500
2045,2000-01-15,18972,1,404.197500
2045,2000-01-15,70815,1,409.447500
2045,2000-01-15,75040,1,409.447500
2045,2000-01-15,78741,1,409.447500
2045,2000-01-15,80020,1,409.447500
2045,2000-01-15,84075,1,409.447500
2045,2000-01-15,85248,1,409.447500
2045,2000-01-15,94549,1,409.447500
2045,2000-01-15,95051,1,404.197500
2047,2000-01-15,15060,1,377.947500
2047,2000-01-15,32218,1,377.947500
2047,2000-01-15,80022,1,377.947500
2047,2000-01-15,80219,1,377.947500
2050,2000-01-15,08016,1,498.697500
2050,2000-01-15,36619,1,498.697500
2056,2000-01-15,06066,1,325.447500
2056,2000-01-15,19904,1,325.447500
2056,2000-01-15,28450,1,325.447500
2056,2000-01-15,29150,1,325.447500
2056,2000-01-15,30179,1,325.447500
2056,2000-01-15,37660,1,320.197500
2056,2000-01-15,62704,1,325.447500
2056,2000-01-15,78229,1,325.447500
2056,2000-01-15,78381,1,325.447500
2056,2000-01-15,80906,1,325.447500
2056,2000-01-15,80919,1,325.447500
2056,2000-01-15,92324,1,325.447500
2056,2000-01-15,97006,1,325.447500
2057,2000-01-15,11733,1,472.447500
2057,2000-01-15,28025,1,472.447500
2057,2000-01-15,94535,1,472.447500
2062,2000-01-15,27018,1,545.947500
2062,2000-01-15,32927,1,551.197500
2062,2000-01-15,85022,1,551.197500
2064,2000-01-15,28056,1,488.197500
2064,2000-01-15,28105,1,488.197500
2064,2000-01-15,33067,1,488.197500
2064,2000-01-15,33613,1,488.197500
2064,2000-01-15,33707,1,488.197500
2064,2000-01-15,36608,1,488.197500
2064,2000-01-15,65775,1,488.197500
2064,2000-01-15,75007,1,488.197500
2064,2000-01-15,90241,1,488.197500
2064,2000-01-15,91604,1,488.197500
2064,2000-01-15,92117,1,488.197500
2064,2000-01-15,92692,1,488.197500
2064,2000-01-15,93265,1,488.197500
2064,2000-01-15,95121,1,488.197500
2064,2000-01-15,95829,1,488.197500
2064,2000-01-15,98503,1,488.197500
2070,2000-01-15,23322,1,519.697500
2070,2000-01-15,32703,2,1039.395000
2070,2000-01-15,35620,1,519.697500
2070,2000-01-15,40353,1,519.697500
2070,2000-01-15,41056,1,519.697500
2070,2000-01-15,70563,1,519.697500
2070,2000-01-15,70663,1,519.697500
2070,2000-01-15,71291,1,519.697500
2070,2000-01-15,75951,1,519.697500
2070,2000-01-15,81007,1,519.697500
2070,2000-01-15,83704,1,519.697500
2070,2000-01-15,98109,1,519.697500
2074,2000-01-15,23112,1,328.072500
2074,2000-01-15,28112,1,328.072500
2074,2000-01-15,48430,1,328.072500
2074,2000-01-15,74701,1,328.072500
2074,2000-01-15,77040,1,328.072500
2074,2000-01-15,89117,1,328.072500
2081,2000-01-15,28786,1,220.447500
2081,2000-01-15,32763,1,220.447500
2081,2000-01-15,37067,1,220.447500
2081,2000-01-15,60950,1,220.447500
2083,2000-01-15,23060,1,309.697500
2083,2000-01-15,27107,1,309.697500
2083,2000-01-15,33418,1,309.697500
2083,2000-01-15,38251,1,309.697500
2083,2000-01-15,85234,1,309.697500
2091,2000-01-15,72118,1,152.197500
2091,2000-01-15,76706,1,152.197500
2091,2000-01-15,92021,1,152.197500
2094,2000-01-15,58554,1,433.072500
2094,2000-01-15,71118,1,433.072500
2094,2000-01-15,80234,1,433.072500
2094,2000-01-15,91978,1,433.072500
2094,2000-01-15,92021,1,433.072500
2094,2000-01-15,92064,1,433.072500
2094,2000-01-15,92107,1,433.072500
2094,2000-01-15,92139,1,433.072500
2094,2000-01-15,94305,1,433.072500
2113,2000-01-15,43065,1,472.237500
2121,2000-01-15,10567,1,619.237500
2121,2000-01-15,90502,1,619.237500
2121,2000-01-15,92111,1,619.237500
2127,2000-01-15,10451,1,419.737500
2128,2000-01-15,33186,1,398.737500
2128,2000-01-15,33607,1,398.737500
2130,2000-01-15,30269,2,944.475000
2161,2000-01-15,90254,1,571.987500
2167,2000-01-15,88330,1,577.237500
2169,2000-01-15,98275,1,535.237500
2175,2000-01-15,27573,1,472.237500
2188,2000-01-15,02739,1,233.572500
2188,2000-01-15,19702,1,233.572500
2192,2000-01-15,39452,1,202.072500
2199,2000-01-15,02852,1,178.447500
2199,2000-01-15,15767,1,178.447500
2199,2000-01-15,71638,2,356.895000
2199,2000-01-15,78734,1,178.447500
2199,2000-01-15,88202,1,178.447500
2199,2000-01-15,97415,1,178.447500
2204,2000-01-15,19115,1,173.197500
2204,2000-01-15,94544,1,173.197500
2205,2000-01-15,92630,1,173.197500
2210,2000-01-15,13126,1,107.572500
2210,2000-01-15,21756,1,107.572500
2210,2000-01-15,28012,1,107.572500
2210,2000-01-15,28602,1,107.572500
2210,2000-01-15,30710,1,107.572500
2210,2000-01-15,33569,1,107.572500
2210,2000-01-15,34745,1,107.572500
2210,2000-01-15,38221,1,107.572500
2210,2000-01-15,38456,1,107.572500
2210,2000-01-15,47433,1,107.572500
2210,2000-01-15,73072,1,107.572500
2210,2000-01-15,77066,1,107.572500
2210,2000-01-15,80138,2,215.145000
2210,2000-01-15,84720,1,107.572500
2211,2000-01-15,20165,1,107.572500
2211,2000-01-15,21671,1,107.572500
2211,2000-01-15,30040,1,107.572500
2211,2000-01-15,30213,1,107.572500
2211,2000-01-15,32967,1,107.572500
2211,2000-01-15,33073,1,107.572500
2211,2000-01-15,45121,1,107.572500
2211,2000-01-15,48118,1,107.572500
2211,2000-01-15,49450,1,104.947500
2211,2000-01-15,61254,1,107.572500
2211,2000-01-15,64152,1,107.572500
2211,2000-01-15,70345,1,107.572500
2211,2000-01-15,76001,1,107.572500
2211,2000-01-15,81052,1,107.572500
2211,2000-01-15,84312,1,107.572500
2234,2000-01-15,01531,1,65.572500
2234,2000-01-15,02368,1,65.572500
2234,2000-01-15,06351,1,65.572500
2234,2000-01-15,06420,1,65.572500
2234,2000-01-15,08027,1,65.572500
2234,2000-01-15,08054,2,131.145000
2234,2000-01-15,08889,1,65.572500
2234,2000-01-15,11203,1,65.572500
2234,2000-01-15,21060,1,65.572500
2234,2000-01-15,21217,1,65.572500
2234,2000-01-15,23225,2,131.145000
2234,2000-01-15,27530,2,131.145000
2234,2000-01-15,28017,1,65.572500
2234,2000-01-15,28054,1,65.572500
2234,2000-01-15,28112,1,65.572500
2234,2000-01-15,28262,1,65.572500
2234,2000-01-15,28375,1,65.572500
2234,2000-01-15,29115,1,65.572500
2234,2000-01-15,29445,1,65.572500
2234,2000-01-15,31032,1,65.572500
2234,2000-01-15,31206,1,65.572500
2234,2000-01-15,33157,1,65.572500
2234,2000-01-15,33860,2,131.145000
2234,2000-01-15,34471,1,65.572500
2234,2000-01-15,35504,1,65.572500
2234,2000-01-15,35592,1,65.572500
2234,2000-01-15,35619,1,65.572500
2234,2000-01-15,36260,1,65.572500
2234,2000-01-15,39363,1,65.572500
2234,2000-01-15,44312,1,65.572500
2234,2000-01-15,44484,1,65.572500
2234,2000-01-15,45657,1,65.572500
2234,2000-01-15,48809,1,65.572500
2234,2000-01-15,52101,1,65.572500
2234,2000-01-15,60515,1,65.572500
2234,2000-01-15,61554,1,65.572500
2234,2000-01-15,61571,1,65.572500
2234,2000-01-15,62684,1,65.572500
2234,2000-01-15,63901,1,65.572500
2234,2000-01-15,64152,1,65.572500
2234,2000-01-15,66218,1,65.572500
2234,2000-01-15,70072,1,65.572500
2234,2000-01-15,74854,1,65.572500
2234,2000-01-15,75053,1,65.572500
2234,2000-01-15,76051,1,65.572500
2234,2000-01-15,77611,1,65.572500
2234,2000-01-15,78734,1,65.572500
2234,2000-01-15,79107,1,65.572500
2234,2000-01-15,83835,2,131.145000
2234,2000-01-15,84119,1,65.572500
2234,2000-01-15,84790,1,65.572500
2234,2000-01-15,86333,1,65.572500
2234,2000-01-15,91750,1,65.572500
2234,2000-01-15,92026,1,65.572500
2234,2000-01-15,92584,1,65.572500
2234,2000-01-15,93308,1,65.572500
2234,2000-01-15,95148,1,65.572500
2234,2000-01-15,98382,1,65.572500
2235,2000-01-15,01077,1,65.572500
2235,2000-01-15,01605,1,65.572500
2235,2000-01-15,02347,1,65.572500
2235,2000-01-15,06851,1,65.572500
2235,2000-01-15,07927,1,65.572500
2235,2000-01-15,10524,1,65.572500
2235,2000-01-15,12780,1,65.572500
2235,2000-01-15,15774,1,65.572500
2235,2000-01-15,18301,1,65.572500
2235,2000-01-15,20772,2,131.145000
2235,2000-01-15,21043,1,65.572500
2235,2000-01-15,21230,1,65.572500
2235,2000-01-15,23220,1,65.572500
2235,2000-01-15,23838,2,131.145000
2235,2000-01-15,24104,1,65.572500
2235,2000-01-15,28372,1,65.572500
2235,2000-01-15,28803,1,65.572500
2235,2000-01-15,29118,1,65.572500
2235,2000-01-15,29325,1,65.572500